date,name,country
2022-01-03,New Year's Day,USA
2022-01-04,Martin Luther King Jr. Day,USA
2022-01-08,Presidents' Day,USA
2022-01-09,Memorial Day,USA
2022-01-10,Independence Day,USA
2022-01-17,Labor Day,USA
2022-01-18,Columbus Day,USA
2022-01-24,Veterans Day,USA
2022-01-25,Thanksgiving,USA
2022-01-31,Christmas,USA
2022-02-01,New Year's Day,USA
2022-02-04,Martin Luther King Jr. Day,USA
2022-02-05,Presidents' Day,USA
2022-02-06,Memorial Day,USA
2022-02-07,Independence Day,USA
2022-02-08,Labor Day,USA
2022-02-14,Columbus Day,USA
2022-02-15,Veterans Day,USA
2022-02-21,Thanksgiving,USA
2022-02-22,Christmas,USA
2022-02-28,New Year's Day,USA
2022-03-01,Martin Luther King Jr. Day,USA
2022-03-07,Presidents' Day,USA
2022-03-08,Memorial Day,USA
2022-03-14,Independence Day,USA
2022-03-15,Labor Day,USA
2022-03-16,Columbus Day,USA
2022-03-21,Veterans Day,USA
2022-03-22,Thanksgiving,USA
2022-03-28,Christmas,USA
2022-03-29,New Year's Day,USA
